Series Name,Series Code,Country Name,Country Code,2018 [YR2018],2019 [YR2019],2020 [YR2020]
"Contributing family workers, female (% of female employment) (modeled ILO estimate)",SL.FAM.WORK.FE.ZS,Afghanistan,AFG,71.7809982299805,71.4199981689453,71.0500030517578
"Contributing family workers, female (% of female employment) (modeled ILO estimate)",SL.FAM.WORK.FE.ZS,Albania,ALB,37.9869995117188,37.375,36.7700004577637
"Contributing family workers, female (% of female employment) (modeled ILO estimate)",SL.FAM.WORK.FE.ZS,Algeria,DZA,2.72000002861023,2.67600011825562,2.63299989700317
"Contributing family workers, female (% of female employment) (modeled ILO estimate)",SL.FAM.WORK.FE.ZS,American Samoa,ASM,..,..,..
"Contributing family workers, female (% of female employment) (modeled ILO estimate)",SL.FAM.WORK.FE.ZS,Andorra,AND,..,..,..
"Contributing family workers, female (% of female employment) (modeled ILO estimate)",SL.FAM.WORK.FE.ZS,Angola,AGO,10.4610004425049,10.2519998550415,10.0469999313354
"Contributing family workers, female (% of female employment) (modeled ILO estimate)",SL.FAM.WORK.FE.ZS,Antigua and Barbuda,ATG,..,..,..
"Contributing family workers, female (% of female employment) (modeled ILO estimate)",SL.FAM.WORK.FE.ZS,Arab World,ARB,18.5634892121802,18.2894806525089,18.0044070701417
"Contributing family workers, female (% of female employment) (modeled ILO estimate)",SL.FAM.WORK.FE.ZS,Argentina,ARG,0.959999978542328,0.933000028133392,0.906000018119812
"Contributing family workers, female (% of female employment) (modeled ILO estimate)",SL.FAM.WORK.FE.ZS,Armenia,ARM,8.12100028991699,7.8769998550415,7.63100004196167
"Contributing family workers, female (% of female employment) (modeled ILO estimate)",SL.FAM.WORK.FE.ZS,Aruba,ABW,..,..,..
"Contributing family workers, female (% of female employment) (modeled ILO estimate)",SL.FAM.WORK.FE.ZS,Australia,AUS,0.225999996066093,0.222000002861023,0.216999992728233
"Contributing family workers, female (% of female employment) (modeled ILO estimate)",SL.FAM.WORK.FE.ZS,Austria,AUT,1.6139999628067,1.57500004768372,1.5440000295639
"Contributing family workers, female (% of female employment) (modeled ILO estimate)",SL.FAM.WORK.FE.ZS,Azerbaijan,AZE,41.0299987792969,40.7050018310547,40.3689994812012
"Contributing family workers, female (% of female employment) (modeled ILO estimate)",SL.FAM.WORK.FE.ZS,"Bahamas, The",BHS,0.310000002384186,0.307000011205673,0.305000007152557
"Contributing family workers, female (% of female employment) (modeled ILO estimate)",SL.FAM.WORK.FE.ZS,Bahrain,BHR,0.652999997138977,0.666999995708466,0.671999990940094
"Contributing family workers, female (% of female employment) (modeled ILO estimate)",SL.FAM.WORK.FE.ZS,Bangladesh,BGD,28.8859996795654,27.9869995117188,27.0949993133545
"Contributing family workers, female (% of female employment) (modeled ILO estimate)",SL.FAM.WORK.FE.ZS,Barbados,BRB,0.0769999995827675,0.0759999975562096,0.0750000029802322
"Contributing family workers, female (% of female employment) (modeled ILO estimate)",SL.FAM.WORK.FE.ZS,Belarus,BLR,0.0359999984502792,0.0350000001490116,0.034000001847744
"Contributing family workers, female (% of female employment) (modeled ILO estimate)",SL.FAM.WORK.FE.ZS,Belgium,BEL,1.07599997520447,1.06500005722046,1.05599999427795
"Contributing family workers, female (% of female employment) (modeled ILO estimate)",SL.FAM.WORK.FE.ZS,Belize,BLZ,4.45499992370605,4.41099977493286,4.36600017547607
"Contributing family workers, female (% of female employment) (modeled ILO estimate)",SL.FAM.WORK.FE.ZS,Benin,BEN,19.9309997558594,19.7189998626709,19.4939994812012
"Contributing family workers, female (% of female employment) (modeled ILO estimate)",SL.FAM.WORK.FE.ZS,Bermuda,BMU,..,..,..
"Contributing family workers, female (% of female employment) (modeled ILO estimate)",SL.FAM.WORK.FE.ZS,Bhutan,BTN,44.5750007629395,42.8429985046387,41.1110000610352
"Contributing family workers, female (% of female employment) (modeled ILO estimate)",SL.FAM.WORK.FE.ZS,Bolivia,BOL,24.923999786377,24.5060005187988,24.1060009002686
"Contributing family workers, female (% of female employment) (modeled ILO estimate)",SL.FAM.WORK.FE.ZS,Bosnia and Herzegovina,BIH,7.27199983596802,7.16099977493286,7.05999994277954
"Contributing family workers, female (% of female employment) (modeled ILO estimate)",SL.FAM.WORK.FE.ZS,Botswana,BWA,4.60900020599365,4.5,4.39499998092651
"Contributing family workers, female (% of female employment) (modeled ILO estimate)",SL.FAM.WORK.FE.ZS,Brazil,BRA,3.60500001907349,3.57699990272522,3.5460000038147
"Contributing family workers, female (% of female employment) (modeled ILO estimate)",SL.FAM.WORK.FE.ZS,British Virgin Islands,VGB,..,..,..
"Contributing family workers, female (% of female employment) (modeled ILO estimate)",SL.FAM.WORK.FE.ZS,Brunei Darussalam,BRN,0.310999989509583,0.301999986171722,0.28999999165535
"Contributing family workers, female (% of female employment) (modeled ILO estimate)",SL.FAM.WORK.FE.ZS,Bulgaria,BGR,1.05499994754791,1.03999996185303,1.02499997615814
"Contributing family workers, female (% of female employment) (modeled ILO estimate)",SL.FAM.WORK.FE.ZS,Burkina Faso,BFA,53.0719985961914,52.951000213623,52.8160018920898
"Contributing family workers, female (% of female employment) (modeled ILO estimate)",SL.FAM.WORK.FE.ZS,Burundi,BDI,35.7249984741211,35.4990005493164,35.2760009765625
"Contributing family workers, female (% of female employment) (modeled ILO estimate)",SL.FAM.WORK.FE.ZS,Cabo Verde,CPV,2.49600005149841,2.44099998474121,2.38599991798401
"Contributing family workers, female (% of female employment) (modeled ILO estimate)",SL.FAM.WORK.FE.ZS,Cambodia,KHM,24.7320003509521,24.2479991912842,23.738000869751
"Contributing family workers, female (% of female employment) (modeled ILO estimate)",SL.FAM.WORK.FE.ZS,Cameroon,CMR,20.3479995727539,20.1180000305176,19.8770008087158
"Contributing family workers, female (% of female employment) (modeled ILO estimate)",SL.FAM.WORK.FE.ZS,Canada,CAN,0.162000000476837,0.158999994397163,0.157000005245209
"Contributing family workers, female (% of female employment) (modeled ILO estimate)",SL.FAM.WORK.FE.ZS,Caribbean small states,CSS,2.82038677746462,2.79814179902734,2.77507764219197
"Contributing family workers, female (% of female employment) (modeled ILO estimate)",SL.FAM.WORK.FE.ZS,Cayman Islands,CYM,..,..,..
"Contributing family workers, female (% of female employment) (modeled ILO estimate)",SL.FAM.WORK.FE.ZS,Central African Republic,CAF,52.2290000915527,52.359001159668,52.4799995422363
"Contributing family workers, female (% of female employment) (modeled ILO estimate)",SL.FAM.WORK.FE.ZS,Central Europe and the Baltics,CEB,3.89526840622002,3.78421524585892,3.68676130048917
"Contributing family workers, female (% of female employment) (modeled ILO estimate)",SL.FAM.WORK.FE.ZS,Chad,TCD,43.7610015869141,43.5900001525879,43.4309997558594
"Contributing family workers, female (% of female employment) (modeled ILO estimate)",SL.FAM.WORK.FE.ZS,Channel Islands,CHI,1.52999997138977,1.47599995136261,1.42700004577637
"Contributing family workers, female (% of female employment) (modeled ILO estimate)",SL.FAM.WORK.FE.ZS,Chile,CHL,4.10400009155273,3.96199989318848,3.83299994468689
"Contributing family workers, female (% of female employment) (modeled ILO estimate)",SL.FAM.WORK.FE.ZS,China,CHN,19.378999710083,18.7819995880127,18.2140007019043
"Contributing family workers, female (% of female employment) (modeled ILO estimate)",SL.FAM.WORK.FE.ZS,Colombia,COL,5.83599996566772,5.74399995803833,5.65100002288818
"Contributing family workers, female (% of female employment) (modeled ILO estimate)",SL.FAM.WORK.FE.ZS,Comoros,COM,17.9330005645752,17.8759994506836,17.8120002746582
"Contributing family workers, female (% of female employment) (modeled ILO estimate)",SL.FAM.WORK.FE.ZS,"Congo, Dem. Rep.",COD,31.8610000610352,31.7639999389648,31.701000213623
"Contributing family workers, female (% of female employment) (modeled ILO estimate)",SL.FAM.WORK.FE.ZS,"Congo, Rep.",COG,5.57100009918213,5.6100001335144,5.64200019836426
"Contributing family workers, female (% of female employment) (modeled ILO estimate)",SL.FAM.WORK.FE.ZS,Costa Rica,CRI,3.07399988174438,2.98499989509583,2.90000009536743
"Contributing family workers, female (% of female employment) (modeled ILO estimate)",SL.FAM.WORK.FE.ZS,Cote d'Ivoire,CIV,20.9029998779297,20.5170001983643,20.117000579834
"Contributing family workers, female (% of female employment) (modeled ILO estimate)",SL.FAM.WORK.FE.ZS,Croatia,HRV,1.56900000572205,1.51199996471405,1.46200001239777
"Contributing family workers, female (% of female employment) (modeled ILO estimate)",SL.FAM.WORK.FE.ZS,Cuba,CUB,1.01300001144409,0.99099999666214,0.968999981880188
"Contributing family workers, female (% of female employment) (modeled ILO estimate)",SL.FAM.WORK.FE.ZS,Curacao,CUW,..,..,..
"Contributing family workers, female (% of female employment) (modeled ILO estimate)",SL.FAM.WORK.FE.ZS,Cyprus,CYP,0.847000002861023,0.837000012397766,0.833000004291534
"Contributing family workers, female (% of female employment) (modeled ILO estimate)",SL.FAM.WORK.FE.ZS,Czech Republic,CZE,0.795000016689301,0.754000008106232,0.72299998998642
"Contributing family workers, female (% of female employment) (modeled ILO estimate)",SL.FAM.WORK.FE.ZS,Denmark,DNK,0.465000003576279,0.455000013113022,0.446000009775162
"Contributing family workers, female (% of female employment) (modeled ILO estimate)",SL.FAM.WORK.FE.ZS,Djibouti,DJI,8.69200038909912,8.47999954223633,8.2819995880127
"Contributing family workers, female (% of female employment) (modeled ILO estimate)",SL.FAM.WORK.FE.ZS,Dominica,DMA,..,..,..
"Contributing family workers, female (% of female employment) (modeled ILO estimate)",SL.FAM.WORK.FE.ZS,Dominican Republic,DOM,2.71000003814697,2.625,2.54500007629395
"Contributing family workers, female (% of female employment) (modeled ILO estimate)",SL.FAM.WORK.FE.ZS,Early-demographic dividend,EAR,25.4090859193664,24.8860187752055,24.3486551485535
"Contributing family workers, female (% of female employment) (modeled ILO estimate)",SL.FAM.WORK.FE.ZS,East Asia & Pacific,EAS,19.0694962512115,18.4998278131597,17.9503314423327
"Contributing family workers, female (% of female employment) (modeled ILO estimate)",SL.FAM.WORK.FE.ZS,East Asia & Pacific (excluding high income),EAP,20.7803001798728,20.1616381062939,19.5618294418592
"Contributing family workers, female (% of female employment) (modeled ILO estimate)",SL.FAM.WORK.FE.ZS,East Asia & Pacific (IDA & IBRD),TEA,20.0980756810345,19.4679070255151,18.8580451936605
"Contributing family workers, female (% of female employment) (modeled ILO estimate)",SL.FAM.WORK.FE.ZS,Ecuador,ECU,20.5279998779297,20.298999786377,20.0620002746582
"Contributing family workers, female (% of female employment) (modeled ILO estimate)",SL.FAM.WORK.FE.ZS,"Egypt, Arab Rep.",EGY,25.8110008239746,25.1870002746582,24.4950008392334
"Contributing family workers, female (% of female employment) (modeled ILO estimate)",SL.FAM.WORK.FE.ZS,El Salvador,SLV,7.96299982070923,7.78499984741211,7.61399984359741
"Contributing family workers, female (% of female employment) (modeled ILO estimate)",SL.FAM.WORK.FE.ZS,Equatorial Guinea,GNQ,17.8320007324219,17.7339992523193,17.6259994506836
"Contributing family workers, female (% of female employment) (modeled ILO estimate)",SL.FAM.WORK.FE.ZS,Eritrea,ERI,30.132999420166,29.9209995269775,29.7059993743896
"Contributing family workers, female (% of female employment) (modeled ILO estimate)",SL.FAM.WORK.FE.ZS,Estonia,EST,0.180999994277954,0.170000001788139,0.159999996423721
"Contributing family workers, female (% of female employment) (modeled ILO estimate)",SL.FAM.WORK.FE.ZS,Eswatini,SWZ,2.86899995803833,2.87599992752075,2.86800003051758
"Contributing family workers, female (% of female employment) (modeled ILO estimate)",SL.FAM.WORK.FE.ZS,Ethiopia,ETH,58.1240005493164,57.8330001831055,57.523998260498
"Contributing family workers, female (% of female employment) (modeled ILO estimate)",SL.FAM.WORK.FE.ZS,Euro area,EMU,0.86237838079231,0.842923986642189,0.824351878174424
"Contributing family workers, female (% of female employment) (modeled ILO estimate)",SL.FAM.WORK.FE.ZS,Europe & Central Asia,ECS,3.40045010852179,3.34631203193411,3.30268112057518
"Contributing family workers, female (% of female employment) (modeled ILO estimate)",SL.FAM.WORK.FE.ZS,Europe & Central Asia (excluding high income),ECA,6.56346331793701,6.5068967780016,6.46130519689218
"Contributing family workers, female (% of female employment) (modeled ILO estimate)",SL.FAM.WORK.FE.ZS,Europe & Central Asia (IDA & IBRD),TEC,6.25066775909029,6.18148780985003,6.12535558773573
"Contributing family workers, female (% of female employment) (modeled ILO estimate)",SL.FAM.WORK.FE.ZS,European Union,EUU,1.38941247356772,1.34916801283912,1.31309826462253
"Contributing family workers, female (% of female employment) (modeled ILO estimate)",SL.FAM.WORK.FE.ZS,Faroe Islands,FRO,..,..,..
"Contributing family workers, female (% of female employment) (modeled ILO estimate)",SL.FAM.WORK.FE.ZS,Fiji,FJI,30.132999420166,29.5939998626709,29.0540008544922
"Contributing family workers, female (% of female employment) (modeled ILO estimate)",SL.FAM.WORK.FE.ZS,Finland,FIN,0.333000004291534,0.324999988079071,0.317999988794327
"Contributing family workers, female (% of female employment) (modeled ILO estimate)",SL.FAM.WORK.FE.ZS,Fragile and conflict affected situations,FCS,32.8404720861129,32.5798717262477,32.3425338340952
"Contributing family workers, female (% of female employment) (modeled ILO estimate)",SL.FAM.WORK.FE.ZS,France,FRA,0.546000003814697,0.53600001335144,0.524999976158142
"Contributing family workers, female (% of female employment) (modeled ILO estimate)",SL.FAM.WORK.FE.ZS,French Polynesia,PYF,0.335999995470047,0.328000009059906,0.319999992847443
"Contributing family workers, female (% of female employment) (modeled ILO estimate)",SL.FAM.WORK.FE.ZS,Gabon,GAB,1.77100002765656,1.75,1.72899997234344
"Contributing family workers, female (% of female employment) (modeled ILO estimate)",SL.FAM.WORK.FE.ZS,"Gambia, The",GMB,13.1420001983643,13.0240001678467,12.9020004272461
"Contributing family workers, female (% of female employment) (modeled ILO estimate)",SL.FAM.WORK.FE.ZS,Georgia,GEO,27.8439998626709,27.4230003356934,27.0049991607666
"Contributing family workers, female (% of female employment) (modeled ILO estimate)",SL.FAM.WORK.FE.ZS,Germany,DEU,0.513999998569489,0.504000008106232,0.495999991893768
"Contributing family workers, female (% of female employment) (modeled ILO estimate)",SL.FAM.WORK.FE.ZS,Ghana,GHA,13.3909997940063,13.0340003967285,12.7320003509521
"Contributing family workers, female (% of female employment) (modeled ILO estimate)",SL.FAM.WORK.FE.ZS,Gibraltar,GIB,..,..,..
"Contributing family workers, female (% of female employment) (modeled ILO estimate)",SL.FAM.WORK.FE.ZS,Greece,GRC,5.8730001449585,5.69299983978271,5.50099992752075
"Contributing family workers, female (% of female employment) (modeled ILO estimate)",SL.FAM.WORK.FE.ZS,Greenland,GRL,..,..,..
"Contributing family workers, female (% of female employment) (modeled ILO estimate)",SL.FAM.WORK.FE.ZS,Grenada,GRD,..,..,..
"Contributing family workers, female (% of female employment) (modeled ILO estimate)",SL.FAM.WORK.FE.ZS,Guam,GUM,1.62899994850159,1.57500004768372,1.52699995040894
"Contributing family workers, female (% of female employment) (modeled ILO estimate)",SL.FAM.WORK.FE.ZS,Guatemala,GTM,11.2390003204346,11.0830001831055,10.9250001907349
"Contributing family workers, female (% of female employment) (modeled ILO estimate)",SL.FAM.WORK.FE.ZS,Guinea,GIN,38.7680015563965,38.4580001831055,38.117000579834
"Contributing family workers, female (% of female employment) (modeled ILO estimate)",SL.FAM.WORK.FE.ZS,Guinea-Bissau,GNB,29.5230007171631,29.3689994812012,29.2099990844727
"Contributing family workers, female (% of female employment) (modeled ILO estimate)",SL.FAM.WORK.FE.ZS,Guyana,GUY,21.8619995117188,21.6340007781982,21.4459991455078
"Contributing family workers, female (% of female employment) (modeled ILO estimate)",SL.FAM.WORK.FE.ZS,Haiti,HTI,2.60199999809265,2.55599999427795,2.51200008392334
"Contributing family workers, female (% of female employment) (modeled ILO estimate)",SL.FAM.WORK.FE.ZS,Heavily indebted poor countries (HIPC),HPC,37.5014593173398,37.3076590771572,37.109943306433
"Contributing family workers, female (% of female employment) (modeled ILO estimate)",SL.FAM.WORK.FE.ZS,High income,HIC,1.51942054107186,1.47370960291335,1.4364402235648
"Contributing family workers, female (% of female employment) (modeled ILO estimate)",SL.FAM.WORK.FE.ZS,Honduras,HND,10.8549995422363,10.6129999160767,10.3719997406006
"Contributing family workers, female (% of female employment) (modeled ILO estimate)",SL.FAM.WORK.FE.ZS,"Hong Kong SAR, China",HKG,0.465999990701675,0.451999992132187,0.439999997615814
"Contributing family workers, female (% of female employment) (modeled ILO estimate)",SL.FAM.WORK.FE.ZS,Hungary,HUN,0.425999999046326,0.40599998831749,0.388000011444092
"Contributing family workers, female (% of female employment) (modeled ILO estimate)",SL.FAM.WORK.FE.ZS,IBRD only,IBD,17.0913232593114,16.5772018925007,16.0696978365619
"Contributing family workers, female (% of female employment) (modeled ILO estimate)",SL.FAM.WORK.FE.ZS,Iceland,ISL,0.219999998807907,0.210999995470047,0.202000007033348
"Contributing family workers, female (% of female employment) (modeled ILO estimate)",SL.FAM.WORK.FE.ZS,IDA & IBRD total,IBT,21.6512440589601,21.2768270955351,20.9048111289409
"Contributing family workers, female (% of female employment) (modeled ILO estimate)",SL.FAM.WORK.FE.ZS,IDA blend,IDB,30.6975340891303,30.423193671647,30.0980313535378
"Contributing family workers, female (% of female employment) (modeled ILO estimate)",SL.FAM.WORK.FE.ZS,IDA only,IDX,38.1060186872045,37.7797530529569,37.4544065352112
"Contributing family workers, female (% of female employment) (modeled ILO estimate)",SL.FAM.WORK.FE.ZS,IDA total,IDA,36.0569582908874,35.7478206815127,35.4258301699385
"Contributing family workers, female (% of female employment) (modeled ILO estimate)",SL.FAM.WORK.FE.ZS,India,IND,26.2630004882813,25.371000289917,24.4759998321533
"Contributing family workers, female (% of female employment) (modeled ILO estimate)",SL.FAM.WORK.FE.ZS,Indonesia,IDN,24.2789993286133,23.2670001983643,22.2479991912842
"Contributing family workers, female (% of female employment) (modeled ILO estimate)",SL.FAM.WORK.FE.ZS,"Iran, Islamic Rep.",IRN,18.6760005950928,18.4200000762939,18.1830005645752
"Contributing family workers, female (% of female employment) (modeled ILO estimate)",SL.FAM.WORK.FE.ZS,Iraq,IRQ,11.0179996490479,10.9130001068115,10.8020000457764
"Contributing family workers, female (% of female employment) (modeled ILO estimate)",SL.FAM.WORK.FE.ZS,Ireland,IRL,0.577000021934509,0.555999994277954,0.535000026226044
"Contributing family workers, female (% of female employment) (modeled ILO estimate)",SL.FAM.WORK.FE.ZS,Isle of Man,IMN,..,..,..
"Contributing family workers, female (% of female employment) (modeled ILO estimate)",SL.FAM.WORK.FE.ZS,Israel,ISR,0.103000000119209,0.101000003516674,0.0979999974370003
"Contributing family workers, female (% of female employment) (modeled ILO estimate)",SL.FAM.WORK.FE.ZS,Italy,ITA,1.61099994182587,1.57599997520447,1.54499995708466
"Contributing family workers, female (% of female employment) (modeled ILO estimate)",SL.FAM.WORK.FE.ZS,Jamaica,JAM,1.37899994850159,1.36600005626678,1.35099995136261
"Contributing family workers, female (% of female employment) (modeled ILO estimate)",SL.FAM.WORK.FE.ZS,Japan,JPN,4.14200019836426,4.07399988174438,4.05000019073486
"Contributing family workers, female (% of female employment) (modeled ILO estimate)",SL.FAM.WORK.FE.ZS,Jordan,JOR,0.351999998092651,0.34799998998642,0.34400001168251
"Contributing family workers, female (% of female employment) (modeled ILO estimate)",SL.FAM.WORK.FE.ZS,Kazakhstan,KAZ,0.111000001430511,0.112000003457069,0.112999998033047
"Contributing family workers, female (% of female employment) (modeled ILO estimate)",SL.FAM.WORK.FE.ZS,Kenya,KEN,50.0050010681152,49.5369987487793,49.0709991455078
"Contributing family workers, female (% of female employment) (modeled ILO estimate)",SL.FAM.WORK.FE.ZS,Kiribati,KIR,..,..,..
"Contributing family workers, female (% of female employment) (modeled ILO estimate)",SL.FAM.WORK.FE.ZS,"Korea, Dem. People's Rep.",PRK,62.556999206543,62.3769989013672,62.181999206543
"Contributing family workers, female (% of female employment) (modeled ILO estimate)",SL.FAM.WORK.FE.ZS,"Korea, Rep.",KOR,8.13300037384033,7.85500001907349,7.59899997711182
"Contributing family workers, female (% of female employment) (modeled ILO estimate)",SL.FAM.WORK.FE.ZS,Kosovo,XKX,..,..,..
"Contributing family workers, female (% of female employment) (modeled ILO estimate)",SL.FAM.WORK.FE.ZS,Kuwait,KWT,0.017000000923872,0.0160000007599592,0.0160000007599592
"Contributing family workers, female (% of female employment) (modeled ILO estimate)",SL.FAM.WORK.FE.ZS,Kyrgyz Republic,KGZ,11.0909996032715,10.9379997253418,10.7729997634888
"Contributing family workers, female (% of female employment) (modeled ILO estimate)",SL.FAM.WORK.FE.ZS,Lao PDR,LAO,38.0069999694824,37.0460014343262,36.0699996948242
"Contributing family workers, female (% of female employment) (modeled ILO estimate)",SL.FAM.WORK.FE.ZS,Late-demographic dividend,LTE,16.5704378851205,16.103585810864,15.6515845104162
"Contributing family workers, female (% of female employment) (modeled ILO estimate)",SL.FAM.WORK.FE.ZS,Latin America & Caribbean,LCN,6.63221133953393,6.58350097934607,6.52359323088191
"Contributing family workers, female (% of female employment) (modeled ILO estimate)",SL.FAM.WORK.FE.ZS,Latin America & Caribbean (excluding high income),LAC,6.80200359122282,6.75601624413362,6.69727224311462
"Contributing family workers, female (% of female employment) (modeled ILO estimate)",SL.FAM.WORK.FE.ZS,Latin America & Caribbean (IDA & IBRD),TLA,6.7580071943474,6.70691312688449,6.64404213680975
"Contributing family workers, female (% of female employment) (modeled ILO estimate)",SL.FAM.WORK.FE.ZS,Latvia,LVA,0.389999985694885,0.368000000715256,0.349999994039536
"Contributing family workers, female (% of female employment) (modeled ILO estimate)",SL.FAM.WORK.FE.ZS,Least developed countries: UN classification,LDC,39.1502513336005,38.801304679089,38.4539742413697
"Contributing family workers, female (% of female employment) (modeled ILO estimate)",SL.FAM.WORK.FE.ZS,Lebanon,LBN,5.19199991226196,5.11899995803833,5.04500007629395
"Contributing family workers, female (% of female employment) (modeled ILO estimate)",SL.FAM.WORK.FE.ZS,Lesotho,LSO,12.2690000534058,12.0749998092651,11.8739995956421
"Contributing family workers, female (% of female employment) (modeled ILO estimate)",SL.FAM.WORK.FE.ZS,Liberia,LBR,18.9549999237061,18.8899993896484,18.8309993743896
"Contributing family workers, female (% of female employment) (modeled ILO estimate)",SL.FAM.WORK.FE.ZS,Libya,LBY,1.25,1.23099994659424,1.21099996566772
"Contributing family workers, female (% of female employment) (modeled ILO estimate)",SL.FAM.WORK.FE.ZS,Liechtenstein,LIE,..,..,..
"Contributing family workers, female (% of female employment) (modeled ILO estimate)",SL.FAM.WORK.FE.ZS,Lithuania,LTU,1.03299999237061,0.981000006198883,0.934000015258789
"Contributing family workers, female (% of female employment) (modeled ILO estimate)",SL.FAM.WORK.FE.ZS,Low & middle income,LMY,22.1647627472939,21.7874040934691,21.411383870618
"Contributing family workers, female (% of female employment) (modeled ILO estimate)",SL.FAM.WORK.FE.ZS,Low income,LIC,43.9549077718974,43.719994940411,43.4744066199644
"Contributing family workers, female (% of female employment) (modeled ILO estimate)",SL.FAM.WORK.FE.ZS,Lower middle income,LMC,25.0131153705512,24.3638509011752,23.705900378646
"Contributing family workers, female (% of female employment) (modeled ILO estimate)",SL.FAM.WORK.FE.ZS,Luxembourg,LUX,0.689999997615814,0.654999971389771,0.621999979019165
"Contributing family workers, female (% of female employment) (modeled ILO estimate)",SL.FAM.WORK.FE.ZS,"Macao SAR, China",MAC,0.261000007390976,0.250999987125397,0.243000000715256
"Contributing family workers, female (% of female employment) (modeled ILO estimate)",SL.FAM.WORK.FE.ZS,Madagascar,MDG,58.492000579834,58.2610015869141,58.0060005187988
"Contributing family workers, female (% of female employment) (modeled ILO estimate)",SL.FAM.WORK.FE.ZS,Malawi,MWI,7.78599977493286,7.76700019836426,7.7519998550415
"Contributing family workers, female (% of female employment) (modeled ILO estimate)",SL.FAM.WORK.FE.ZS,Malaysia,MYS,7.36700010299683,7.19700002670288,7.03399991989136
"Contributing family workers, female (% of female employment) (modeled ILO estimate)",SL.FAM.WORK.FE.ZS,Maldives,MDV,4.12400007247925,4.09100008010864,4.05700016021729
"Contributing family workers, female (% of female employment) (modeled ILO estimate)",SL.FAM.WORK.FE.ZS,Mali,MLI,27.246000289917,27.0590000152588,26.8659992218018
"Contributing family workers, female (% of female employment) (modeled ILO estimate)",SL.FAM.WORK.FE.ZS,Malta,MLT,0.0549999997019768,0.0520000010728836,0.0489999987185001
"Contributing family workers, female (% of female employment) (modeled ILO estimate)",SL.FAM.WORK.FE.ZS,Marshall Islands,MHL,..,..,..
"Contributing family workers, female (% of female employment) (modeled ILO estimate)",SL.FAM.WORK.FE.ZS,Mauritania,MRT,13.9589996337891,13.6379995346069,13.3170003890991
"Contributing family workers, female (% of female employment) (modeled ILO estimate)",SL.FAM.WORK.FE.ZS,Mauritius,MUS,3.58400011062622,3.54900002479553,3.51099991798401
"Contributing family workers, female (% of female employment) (modeled ILO estimate)",SL.FAM.WORK.FE.ZS,Mexico,MEX,6.97599983215332,6.90700006484985,6.83799982070923
"Contributing family workers, female (% of female employment) (modeled ILO estimate)",SL.FAM.WORK.FE.ZS,"Micronesia, Fed. Sts.",FSM,..,..,..
"Contributing family workers, female (% of female employment) (modeled ILO estimate)",SL.FAM.WORK.FE.ZS,Middle East & North Africa,MEA,15.792731270914,15.5101972928967,15.2225468729698
"Contributing family workers, female (% of female employment) (modeled ILO estimate)",SL.FAM.WORK.FE.ZS,Middle East & North Africa (excluding high income),MNA,21.0796109976592,20.6917789592392,20.2985127532799
"Contributing family workers, female (% of female employment) (modeled ILO estimate)",SL.FAM.WORK.FE.ZS,Middle East & North Africa (IDA & IBRD),TMN,21.157671077984,20.7689426610161,20.3732954662776
"Contributing family workers, female (% of female employment) (modeled ILO estimate)",SL.FAM.WORK.FE.ZS,Middle income,MIC,18.9950422873048,18.5163701849328,18.0390700272042
"Contributing family workers, female (% of female employment) (modeled ILO estimate)",SL.FAM.WORK.FE.ZS,Moldova,MDA,5.37599992752075,5.21500015258789,5.05900001525879
"Contributing family workers, female (% of female employment) (modeled ILO estimate)",SL.FAM.WORK.FE.ZS,Monaco,MCO,..,..,..
"Contributing family workers, female (% of female employment) (modeled ILO estimate)",SL.FAM.WORK.FE.ZS,Mongolia,MNG,4.80499982833862,4.58799982070923,4.3769998550415
"Contributing family workers, female (% of female employment) (modeled ILO estimate)",SL.FAM.WORK.FE.ZS,Montenegro,MNE,3.80200004577637,3.71300005912781,3.62700009346008
"Contributing family workers, female (% of female employment) (modeled ILO estimate)",SL.FAM.WORK.FE.ZS,Morocco,MAR,47.4129981994629,46.6660003662109,45.8520011901855
"Contributing family workers, female (% of female employment) (modeled ILO estimate)",SL.FAM.WORK.FE.ZS,Mozambique,MOZ,28.3379993438721,28.3449993133545,28.3729991912842
"Contributing family workers, female (% of female employment) (modeled ILO estimate)",SL.FAM.WORK.FE.ZS,Myanmar,MMR,35.8400001525879,34.673999786377,33.5449981689453
"Contributing family workers, female (% of female employment) (modeled ILO estimate)",SL.FAM.WORK.FE.ZS,Namibia,NAM,4.82800006866455,4.7039999961853,4.58199977874756
"Contributing family workers, female (% of female employment) (modeled ILO estimate)",SL.FAM.WORK.FE.ZS,Nauru,NRU,..,..,..
"Contributing family workers, female (% of female employment) (modeled ILO estimate)",SL.FAM.WORK.FE.ZS,Nepal,NPL,62.5960006713867,62.3279991149902,62.0480003356934
"Contributing family workers, female (% of female employment) (modeled ILO estimate)",SL.FAM.WORK.FE.ZS,Netherlands,NLD,0.515999972820282,0.501999974250793,0.490000009536743
"Contributing family workers, female (% of female employment) (modeled ILO estimate)",SL.FAM.WORK.FE.ZS,New Caledonia,NCL,0.19200000166893,0.185000002384186,0.178000003099442
"Contributing family workers, female (% of female employment) (modeled ILO estimate)",SL.FAM.WORK.FE.ZS,New Zealand,NZL,0.925999999046326,0.904999971389771,0.884999990463257
"Contributing family workers, female (% of female employment) (modeled ILO estimate)",SL.FAM.WORK.FE.ZS,Nicaragua,NIC,8.54800033569336,8.32499980926514,8.10099983215332
"Contributing family workers, female (% of female employment) (modeled ILO estimate)",SL.FAM.WORK.FE.ZS,Niger,NER,33.0069999694824,33.0270004272461,33.0670013427734
"Contributing family workers, female (% of female employment) (modeled ILO estimate)",SL.FAM.WORK.FE.ZS,Nigeria,NGA,21.0820007324219,20.806999206543,20.4729995727539
"Contributing family workers, female (% of female employment) (modeled ILO estimate)",SL.FAM.WORK.FE.ZS,North America,NAC,0.0757192237338646,0.0736168659934058,0.0725224242652307
"Contributing family workers, female (% of female employment) (modeled ILO estimate)",SL.FAM.WORK.FE.ZS,North Macedonia,MKD,10.7600002288818,10.6400003433228,10.503999710083
"Contributing family workers, female (% of female employment) (modeled ILO estimate)",SL.FAM.WORK.FE.ZS,Northern Mariana Islands,MNP,..,..,..
"Contributing family workers, female (% of female employment) (modeled ILO estimate)",SL.FAM.WORK.FE.ZS,Norway,NOR,0.0979999974370003,0.096000000834465,0.0949999988079071
"Contributing family workers, female (% of female employment) (modeled ILO estimate)",SL.FAM.WORK.FE.ZS,OECD members,OED,2.65779081995404,2.60921219652287,2.57556125494597
"Contributing family workers, female (% of female employment) (modeled ILO estimate)",SL.FAM.WORK.FE.ZS,Oman,OMN,0.194000005722046,0.194000005722046,0.190999999642372
"Contributing family workers, female (% of female employment) (modeled ILO estimate)",SL.FAM.WORK.FE.ZS,Other small states,OSS,9.02575896606624,8.94794342257714,8.86750845453606
"Contributing family workers, female (% of female employment) (modeled ILO estimate)",SL.FAM.WORK.FE.ZS,Pacific island small states,PSS,31.8382148102218,31.6090662013133,31.3115439675434
"Contributing family workers, female (% of female employment) (modeled ILO estimate)",SL.FAM.WORK.FE.ZS,Pakistan,PAK,54.6150016784668,53.9290008544922,53.1730003356934
"Contributing family workers, female (% of female employment) (modeled ILO estimate)",SL.FAM.WORK.FE.ZS,Palau,PLW,..,..,..
"Contributing family workers, female (% of female employment) (modeled ILO estimate)",SL.FAM.WORK.FE.ZS,Panama,PAN,6.45699977874756,6.29899978637695,6.1399998664856
"Contributing family workers, female (% of female employment) (modeled ILO estimate)",SL.FAM.WORK.FE.ZS,Papua New Guinea,PNG,44.5820007324219,44.3699989318848,44.234001159668
"Contributing family workers, female (% of female employment) (modeled ILO estimate)",SL.FAM.WORK.FE.ZS,Paraguay,PRY,10.6800003051758,10.4860000610352,10.2959995269775
"Contributing family workers, female (% of female employment) (modeled ILO estimate)",SL.FAM.WORK.FE.ZS,Peru,PER,21.9169998168945,21.6569995880127,21.4139995574951
"Contributing family workers, female (% of female employment) (modeled ILO estimate)",SL.FAM.WORK.FE.ZS,Philippines,PHL,9.29500007629395,8.98799991607666,8.69600009918213
"Contributing family workers, female (% of female employment) (modeled ILO estimate)",SL.FAM.WORK.FE.ZS,Poland,POL,3.55699992179871,3.36899995803833,3.20900011062622
"Contributing family workers, female (% of female employment) (modeled ILO estimate)",SL.FAM.WORK.FE.ZS,Portugal,PRT,0.474000006914139,0.458999991416931,0.446999996900558
"Contributing family workers, female (% of female employment) (modeled ILO estimate)",SL.FAM.WORK.FE.ZS,Post-demographic dividend,PST,1.2697251872136,1.23849620195413,1.21454225916524
"Contributing family workers, female (% of female employment) (modeled ILO estimate)",SL.FAM.WORK.FE.ZS,Pre-demographic dividend,PRE,32.935206744781,32.7039864836336,32.4622688802595
"Contributing family workers, female (% of female employment) (modeled ILO estimate)",SL.FAM.WORK.FE.ZS,Puerto Rico,PRI,0.43299999833107,0.42399999499321,0.416999995708466
"Contributing family workers, female (% of female employment) (modeled ILO estimate)",SL.FAM.WORK.FE.ZS,Qatar,QAT,0.00300000002607703,0.00300000002607703,0.00300000002607703
"Contributing family workers, female (% of female employment) (modeled ILO estimate)",SL.FAM.WORK.FE.ZS,Romania,ROU,12.5749998092651,12.5010004043579,12.4259996414185
"Contributing family workers, female (% of female employment) (modeled ILO estimate)",SL.FAM.WORK.FE.ZS,Russian Federation,RUS,0.368000000715256,0.360000014305115,0.351999998092651
"Contributing family workers, female (% of female employment) (modeled ILO estimate)",SL.FAM.WORK.FE.ZS,Rwanda,RWA,43.3660011291504,43.0499992370605,42.7060012817383
"Contributing family workers, female (% of female employment) (modeled ILO estimate)",SL.FAM.WORK.FE.ZS,Samoa,WSM,2.72300004959106,2.70199990272522,2.6800000667572
"Contributing family workers, female (% of female employment) (modeled ILO estimate)",SL.FAM.WORK.FE.ZS,San Marino,SMR,..,..,..
"Contributing family workers, female (% of female employment) (modeled ILO estimate)",SL.FAM.WORK.FE.ZS,Sao Tome and Principe,STP,7.44600009918213,7.26800012588501,7.08500003814697
"Contributing family workers, female (% of female employment) (modeled ILO estimate)",SL.FAM.WORK.FE.ZS,Saudi Arabia,SAU,0.0280000008642673,0.0280000008642673,0.0270000007003546
"Contributing family workers, female (% of female employment) (modeled ILO estimate)",SL.FAM.WORK.FE.ZS,Senegal,SEN,27.7940006256104,27.4650001525879,27.1259994506836
"Contributing family workers, female (% of female employment) (modeled ILO estimate)",SL.FAM.WORK.FE.ZS,Serbia,SRB,9.27600002288818,9.1870002746582,9.0959997177124
"Contributing family workers, female (% of female employment) (modeled ILO estimate)",SL.FAM.WORK.FE.ZS,Seychelles,SYC,..,..,..
"Contributing family workers, female (% of female employment) (modeled ILO estimate)",SL.FAM.WORK.FE.ZS,Sierra Leone,SLE,6.13100004196167,6.08599996566772,6.04099988937378
"Contributing family workers, female (% of female employment) (modeled ILO estimate)",SL.FAM.WORK.FE.ZS,Singapore,SGP,0.679000020027161,0.662000000476837,0.640999972820282
"Contributing family workers, female (% of female employment) (modeled ILO estimate)",SL.FAM.WORK.FE.ZS,Sint Maarten (Dutch part),SXM,..,..,..
"Contributing family workers, female (% of female employment) (modeled ILO estimate)",SL.FAM.WORK.FE.ZS,Slovak Republic,SVK,0.0810000002384186,0.0780000016093254,0.0750000029802322
"Contributing family workers, female (% of female employment) (modeled ILO estimate)",SL.FAM.WORK.FE.ZS,Slovenia,SVN,3.26300001144409,3.08800005912781,2.92400002479553
"Contributing family workers, female (% of female employment) (modeled ILO estimate)",SL.FAM.WORK.FE.ZS,Small states,SST,8.83918713950374,8.7836356581376,8.71659628348338
"Contributing family workers, female (% of female employment) (modeled ILO estimate)",SL.FAM.WORK.FE.ZS,Solomon Islands,SLB,48.068000793457,47.8860015869141,47.6889991760254
"Contributing family workers, female (% of female employment) (modeled ILO estimate)",SL.FAM.WORK.FE.ZS,Somalia,SOM,35.2220001220703,35.0229988098145,34.8230018615723
"Contributing family workers, female (% of female employment) (modeled ILO estimate)",SL.FAM.WORK.FE.ZS,South Africa,ZAF,0.726000010967255,0.714999973773956,0.703999996185303
"Contributing family workers, female (% of female employment) (modeled ILO estimate)",SL.FAM.WORK.FE.ZS,South Asia,SAS,32.5525847321325,31.8471062491467,31.1289253368
"Contributing family workers, female (% of female employment) (modeled ILO estimate)",SL.FAM.WORK.FE.ZS,South Asia (IDA & IBRD),TSA,32.5525847321325,31.8471062491467,31.1289253368
"Contributing family workers, female (% of female employment) (modeled ILO estimate)",SL.FAM.WORK.FE.ZS,South Sudan,SSD,68.5260009765625,68.4739990234375,68.3040008544922
"Contributing family workers, female (% of female employment) (modeled ILO estimate)",SL.FAM.WORK.FE.ZS,Spain,ESP,0.528999984264374,0.513999998569489,0.501999974250793
"Contributing family workers, female (% of female employment) (modeled ILO estimate)",SL.FAM.WORK.FE.ZS,Sri Lanka,LKA,17.4020004272461,16.568000793457,15.7189998626709
"Contributing family workers, female (% of female employment) (modeled ILO estimate)",SL.FAM.WORK.FE.ZS,St. Kitts and Nevis,KNA,..,..,..
"Contributing family workers, female (% of female employment) (modeled ILO estimate)",SL.FAM.WORK.FE.ZS,St. Lucia,LCA,1.62100005149841,1.61000001430511,1.59500002861023
"Contributing family workers, female (% of female employment) (modeled ILO estimate)",SL.FAM.WORK.FE.ZS,St. Martin (French part),MAF,..,..,..
"Contributing family workers, female (% of female employment) (modeled ILO estimate)",SL.FAM.WORK.FE.ZS,St. Vincent and the Grenadines,VCT,1.66700005531311,1.63699996471405,1.60800004005432
"Contributing family workers, female (% of female employment) (modeled ILO estimate)",SL.FAM.WORK.FE.ZS,Sub-Saharan Africa,SSF,32.9710014826887,32.7925533477817,32.5990374553745
"Contributing family workers, female (% of female employment) (modeled ILO estimate)",SL.FAM.WORK.FE.ZS,Sub-Saharan Africa (excluding high income),SSA,32.9710014826887,32.7925533477817,32.5990374553745
"Contributing family workers, female (% of female employment) (modeled ILO estimate)",SL.FAM.WORK.FE.ZS,Sub-Saharan Africa (IDA & IBRD),TSS,32.9710014826887,32.7925533477817,32.5990374553745
"Contributing family workers, female (% of female employment) (modeled ILO estimate)",SL.FAM.WORK.FE.ZS,Sudan,SDN,29.1439990997314,28.9370002746582,28.67799949646
"Contributing family workers, female (% of female employment) (modeled ILO estimate)",SL.FAM.WORK.FE.ZS,Suriname,SUR,2.23499989509583,2.21000003814697,2.18600010871887
"Contributing family workers, female (% of female employment) (modeled ILO estimate)",SL.FAM.WORK.FE.ZS,Sweden,SWE,0.245000004768372,0.238000005483627,0.231000006198883
"Contributing family workers, female (% of female employment) (modeled ILO estimate)",SL.FAM.WORK.FE.ZS,Switzerland,CHE,2.48099994659424,2.43799996376038,2.39199995994568
"Contributing family workers, female (% of female employment) (modeled ILO estimate)",SL.FAM.WORK.FE.ZS,Syrian Arab Republic,SYR,9.46399974822998,9.51500034332275,9.51700019836426
"Contributing family workers, female (% of female employment) (modeled ILO estimate)",SL.FAM.WORK.FE.ZS,Tajikistan,TJK,0.233999997377396,0.229000002145767,0.224999994039536
"Contributing family workers, female (% of female employment) (modeled ILO estimate)",SL.FAM.WORK.FE.ZS,Tanzania,TZA,48.8209991455078,48.3619995117188,47.898998260498
"Contributing family workers, female (% of female employment) (modeled ILO estimate)",SL.FAM.WORK.FE.ZS,Thailand,THA,22.0179996490479,21.6509990692139,21.2889995574951
"Contributing family workers, female (% of female employment) (modeled ILO estimate)",SL.FAM.WORK.FE.ZS,Timor-Leste,TLS,34.5180015563965,34.4220008850098,34.4109992980957
"Contributing family workers, female (% of female employment) (modeled ILO estimate)",SL.FAM.WORK.FE.ZS,Togo,TGO,33.431999206543,33.2569999694824,33.0690002441406
"Contributing family workers, female (% of female employment) (modeled ILO estimate)",SL.FAM.WORK.FE.ZS,Tonga,TON,18.2000007629395,18.0510005950928,17.9750003814697
"Contributing family workers, female (% of female employment) (modeled ILO estimate)",SL.FAM.WORK.FE.ZS,Trinidad and Tobago,TTO,0.787999987602234,0.75900000333786,0.742999970912933
"Contributing family workers, female (% of female employment) (modeled ILO estimate)",SL.FAM.WORK.FE.ZS,Tunisia,TUN,6.02899980545044,5.93900012969971,5.83799982070923
"Contributing family workers, female (% of female employment) (modeled ILO estimate)",SL.FAM.WORK.FE.ZS,Turkey,TUR,25.1110000610352,24.7970008850098,24.4370002746582
"Contributing family workers, female (% of female employment) (modeled ILO estimate)",SL.FAM.WORK.FE.ZS,Turkmenistan,TKM,2.45499992370605,2.3989999294281,2.34400010108948
"Contributing family workers, female (% of female employment) (modeled ILO estimate)",SL.FAM.WORK.FE.ZS,Turks and Caicos Islands,TCA,..,..,..
"Contributing family workers, female (% of female employment) (modeled ILO estimate)",SL.FAM.WORK.FE.ZS,Tuvalu,TUV,..,..,..
"Contributing family workers, female (% of female employment) (modeled ILO estimate)",SL.FAM.WORK.FE.ZS,Uganda,UGA,18.94700050354,18.7970008850098,18.636999130249
"Contributing family workers, female (% of female employment) (modeled ILO estimate)",SL.FAM.WORK.FE.ZS,Ukraine,UKR,0.252000004053116,0.24600000679493,0.238999992609024
"Contributing family workers, female (% of female employment) (modeled ILO estimate)",SL.FAM.WORK.FE.ZS,United Arab Emirates,ARE,0.0979999974370003,0.0920000001788139,0.0860000029206276
"Contributing family workers, female (% of female employment) (modeled ILO estimate)",SL.FAM.WORK.FE.ZS,United Kingdom,GBR,0.416999995708466,0.407000005245209,0.395999997854233
"Contributing family workers, female (% of female employment) (modeled ILO estimate)",SL.FAM.WORK.FE.ZS,United States,USA,0.0649999976158142,0.063000001013279,0.061999998986721
"Contributing family workers, female (% of female employment) (modeled ILO estimate)",SL.FAM.WORK.FE.ZS,Upper middle income,UMC,15.0657440710762,14.6321881334178,14.2135203642277
"Contributing family workers, female (% of female employment) (modeled ILO estimate)",SL.FAM.WORK.FE.ZS,Uruguay,URY,0.986000001430511,0.948000013828278,0.913999974727631
"Contributing family workers, female (% of female employment) (modeled ILO estimate)",SL.FAM.WORK.FE.ZS,Uzbekistan,UZB,8.56799983978271,8.28699970245361,8.00500011444092
"Contributing family workers, female (% of female employment) (modeled ILO estimate)",SL.FAM.WORK.FE.ZS,Vanuatu,VUT,9.14200019836426,9.10299968719482,9.0620002746582
"Contributing family workers, female (% of female employment) (modeled ILO estimate)",SL.FAM.WORK.FE.ZS,"Venezuela, RB",VEN,1.74800002574921,1.7389999628067,1.72399997711182
"Contributing family workers, female (% of female employment) (modeled ILO estimate)",SL.FAM.WORK.FE.ZS,Vietnam,VNM,20.7269992828369,20.0300006866455,19.3430004119873
"Contributing family workers, female (% of female employment) (modeled ILO estimate)",SL.FAM.WORK.FE.ZS,Virgin Islands (U.S.),VIR,0.476999998092651,0.46000000834465,0.444999992847443
"Contributing family workers, female (% of female employment) (modeled ILO estimate)",SL.FAM.WORK.FE.ZS,West Bank and Gaza,PSE,9.93299961090088,9.95699977874756,9.99100017547607
"Contributing family workers, female (% of female employment) (modeled ILO estimate)",SL.FAM.WORK.FE.ZS,World,WLD,18.0411414622243,17.7479163829268,17.4617698569458
"Contributing family workers, female (% of female employment) (modeled ILO estimate)",SL.FAM.WORK.FE.ZS,"Yemen, Rep.",YEM,38.8279991149902,38.1500015258789,38.8540000915527
"Contributing family workers, female (% of female employment) (modeled ILO estimate)",SL.FAM.WORK.FE.ZS,Zambia,ZMB,51.560001373291,51.1590003967285,50.7299995422363
"Contributing family workers, female (% of female employment) (modeled ILO estimate)",SL.FAM.WORK.FE.ZS,Zimbabwe,ZWE,11.4469995498657,11.4770002365112,11.4969997406006
,,,,,,
,,,,,,
,,,,,,
Data from database: Gender Statistics,,,,,,
Last Updated: 05/04/2020,,,,,,
